--
-- PostgreSQL database dump
--

-- Dumped from database version 14.5 (Debian 14.5-2.pgdg110+2)
-- Dumped by pg_dump version 16.1

SET statement_timeout = 0;
SET lock_timeout = 0;
SET idle_in_transaction_session_timeout = 0;
SET client_encoding = 'UTF8';
SET standard_conforming_strings = on;
SELECT pg_catalog.set_config('search_path', '', false);
SET check_function_bodies = false;
SET xmloption = content;
SET client_min_messages = warning;
SET row_security = off;

--
-- Name: public; Type: SCHEMA; Schema: -; Owner: -
--

-- *not* creating schema, since initdb creates it


SET default_tablespace = '';

SET default_table_access_method = heap;

--
-- Name: genres; Type: TABLE; Schema: public; Owner: -
--

CREATE TABLE public.genres (
    id integer NOT NULL,
    genre character varying(255),
    created_at timestamp without time zone,
    updated_at timestamp without time zone
);


--
-- Name: genres_id_seq; Type: SEQUENCE; Schema: public; Owner: -
--

ALTER TABLE public.genres ALTER COLUMN id ADD GENERATED ALWAYS AS IDENTITY (
    SEQUENCE NAME public.genres_id_seq
    START WITH 1
    INCREMENT BY 1
    NO MINVALUE
    NO MAXVALUE
    CACHE 1
);


--
-- Name: movies; Type: TABLE; Schema: public; Owner: -
--

CREATE TABLE public.movies (
    id integer NOT NULL,
    title character varying(512),
    release_date date,
    runtime integer,
    mpaa_rating character varying(10),
    description text,
    image character varying(255),
    created_at timestamp without time zone,
    updated_at timestamp without time zone
);


--
-- Name: movies_genres; Type: TABLE; Schema: public; Owner: -
--

CREATE TABLE public.movies_genres (
    id integer NOT NULL,
    movie_id integer,
    genre_id integer
);


--
-- Name: movies_genres_id_seq; Type: SEQUENCE; Schema: public; Owner: -
--

ALTER TABLE public.movies_genres ALTER COLUMN id ADD GENERATED ALWAYS AS IDENTITY (
    SEQUENCE NAME public.movies_genres_id_seq
    START WITH 1
    INCREMENT BY 1
    NO MINVALUE
    NO MAXVALUE
    CACHE 1
);


--
-- Name: movies_id_seq; Type: SEQUENCE; Schema: public; Owner: -
--

ALTER TABLE public.movies ALTER COLUMN id ADD GENERATED ALWAYS AS IDENTITY (
    SEQUENCE NAME public.movies_id_seq
    START WITH 1
    INCREMENT BY 1
    NO MINVALUE
    NO MAXVALUE
    CACHE 1
);


--
-- Name: users; Type: TABLE; Schema: public; Owner: -
--

CREATE TABLE public.users (
    id integer NOT NULL,
    first_name character varying(255),
    last_name character varying(255),
    email character varying(255),
    password character varying(255),
    created_at timestamp without time zone,
    updated_at timestamp without time zone
);


--
-- Name: users_id_seq; Type: SEQUENCE; Schema: public; Owner: -
--

ALTER TABLE public.users ALTER COLUMN id ADD GENERATED ALWAYS AS IDENTITY (
    SEQUENCE NAME public.users_id_seq
    START WITH 1
    INCREMENT BY 1
    NO MINVALUE
    NO MAXVALUE
    CACHE 1
);


--
-- Data for Name: genres; Type: TABLE DATA; Schema: public; Owner: -
--

COPY public.genres (id, genre, created_at, updated_at) FROM stdin;
1	Comedy	2022-09-23 00:00:00	2022-09-23 00:00:00
2	Sci-Fi	2022-09-23 00:00:00	2022-09-23 00:00:00
3	Horror	2022-09-23 00:00:00	2022-09-23 00:00:00
4	Romance	2022-09-23 00:00:00	2022-09-23 00:00:00
5	Action	2022-09-23 00:00:00	2022-09-23 00:00:00
6	Thriller	2022-09-23 00:00:00	2022-09-23 00:00:00
7	Drama	2022-09-23 00:00:00	2022-09-23 00:00:00
8	Mystery	2022-09-23 00:00:00	2022-09-23 00:00:00
9	Crime	2022-09-23 00:00:00	2022-09-23 00:00:00
10	Animation	2022-09-23 00:00:00	2022-09-23 00:00:00
11	Adventure	2022-09-23 00:00:00	2022-09-23 00:00:00
12	Fantasy	2022-09-23 00:00:00	2022-09-23 00:00:00
13	Superhero	2022-09-23 00:00:00	2022-09-23 00:00:00
\.


--
-- Data for Name: movies; Type: TABLE DATA; Schema: public; Owner: -
--

COPY public.movies (id, title, release_date, runtime, mpaa_rating, description, image, created_at, updated_at) FROM stdin;
1	Highlander	1986-03-07	116	R	He fought his first battle on the Scottish Highlands in 1536. He will fight his greatest battle on the streets of New York City in 1986. His name is Connor MacLeod. He is immortal.	/8Z8dptJEypuLoOQro1WugD855YE.jpg	2022-09-23 00:00:00	2022-09-23 00:00:00
2	Raiders of the Lost Ark	1981-06-12	115	PG-13	Archaeology professor Indiana Jones ventures to seize a biblical artefact known as the Ark of the Covenant. While doing so, he puts up a fight against Renee and a troop of Nazis.	/ceG9VzoRAVGwivFU403Wc3AHRys.jpg	2022-09-23 00:00:00	2022-09-23 00:00:00
3	The Godfather	1972-03-24	175	18A	The aging patriarch of an organized crime dynasty in postwar New York City transfers control of his clandestine empire to his reluctant youngest son.	/3bhkrj58Vtu7enYsRolD1fZdja1.jpg	2022-09-23 00:00:00	2022-09-23 00:00:00
5	The Martian	2015-10-02	144	PG13	Directed by Ridley Scott, "The Martian" is a thrilling story of survival, ingenuity, and resilience. It follows astronaut Mark Watney as he becomes stranded on Mars after his team presumes him dead following a fierce storm. With a limited supply of food and no way to communicate with Earth, Watney must rely on his scientific skills and spirit to survive on the hostile planet, while NASA and his crew members work tirelessly to bring him home.	/5BHuvQ6p9kfc091Z8RiFNhCwL4b.jpg	2024-02-28 19:57:40.781143	2024-02-28 19:57:40.781143
7	 Inception	2010-07-16	148	PG13	Directed by Christopher Nolan, "Inception" is a complex and innovative film that explores the human mind's intricacies. The story follows Dom Cobb, an expert thief who steals secrets from deep within the subconscious during the dream state. Offered a chance to have his criminal history erased, Cobb and his team of specialists must pull off the reverse: their task is not to steal an idea but to plant one. What unfolds is a visually mesmerizing and intellectually challenging journey through layered realities	/oYuLEt3zVCKq57qu2F8dT7NIa6f.jpg	2024-02-28 19:59:54.209265	2024-02-28 19:59:54.209265
8	 Arrival	2016-11-11	116	PG13	Directed by Denis Villeneuve, "Arrival" is a thought-provoking science fiction film about humanity's first contact with extraterrestrial beings. When mysterious spacecraft land across the globe, linguistics professor Louise Banks is recruited by the military to decipher their language and intent. As she learns to communicate with the aliens, she experiences powerful flashbacks that reveal a profound connection between her past and humanity's future.	/pEzNVQfdzYDzVK0XqxERIw2x2se.jpg	2024-02-28 20:00:46.124681	2024-02-28 20:00:46.124681
6	Gravity	2013-10-04	91	PG13	Gravity" is a visually stunning and emotionally gripping film directed by Alfonso Cuarón. It stars Sandra Bullock and George Clooney as astronauts who are left adrift in space after their shuttle is destroyed by debris. The film explores themes of isolation and the fight for survival in the vast, unforgiving expanse of space, as the protagonist makes her way back to Earth against seemingly insurmountable odds....	/kZ2nZw8D681aphje8NJi8EfbL1U.jpg	2024-02-28 19:58:54.696289	2024-02-28 20:22:51.92324
\.


--
-- Data for Name: movies_genres; Type: TABLE DATA; Schema: public; Owner: -
--

COPY public.movies_genres (id, movie_id, genre_id) FROM stdin;
1	1	5
2	1	12
3	2	5
4	2	11
5	3	9
6	3	7
10	5	11
11	5	7
12	5	2
14	7	5
15	7	11
16	7	2
17	7	6
18	8	7
19	8	8
20	8	2
21	6	6
\.


--
-- Data for Name: users; Type: TABLE DATA; Schema: public; Owner: -
--

COPY public.users (id, first_name, last_name, email, password, created_at, updated_at) FROM stdin;
1	Admin	User	admin@example.com	$2a$14$wVsaPvJnJJsomWArouWCtusem6S/.Gauq/GjOIEHpyh2DAMmso1wy	2022-09-23 00:00:00	2022-09-23 00:00:00
\.


--
-- Name: genres_id_seq; Type: SEQUENCE SET; Schema: public; Owner: -
--

SELECT pg_catalog.setval('public.genres_id_seq', 13, true);


--
-- Name: movies_genres_id_seq; Type: SEQUENCE SET; Schema: public; Owner: -
--

SELECT pg_catalog.setval('public.movies_genres_id_seq', 21, true);


--
-- Name: movies_id_seq; Type: SEQUENCE SET; Schema: public; Owner: -
--

SELECT pg_catalog.setval('public.movies_id_seq', 8, true);


--
-- Name: users_id_seq; Type: SEQUENCE SET; Schema: public; Owner: -
--

SELECT pg_catalog.setval('public.users_id_seq', 1, true);


--
-- Name: genres genres_pkey; Type: CONSTRAINT; Schema: public; Owner: -
--

ALTER TABLE ONLY public.genres
    ADD CONSTRAINT genres_pkey PRIMARY KEY (id);


--
-- Name: movies_genres movies_genres_pkey; Type: CONSTRAINT; Schema: public; Owner: -
--

ALTER TABLE ONLY public.movies_genres
    ADD CONSTRAINT movies_genres_pkey PRIMARY KEY (id);


--
-- Name: movies movies_pkey; Type: CONSTRAINT; Schema: public; Owner: -
--

ALTER TABLE ONLY public.movies
    ADD CONSTRAINT movies_pkey PRIMARY KEY (id);


--
-- Name: users users_pkey; Type: CONSTRAINT; Schema: public; Owner: -
--

ALTER TABLE ONLY public.users
    ADD CONSTRAINT users_pkey PRIMARY KEY (id);


--
-- Name: movies_genres movies_genres_genre_id_fkey; Type: FK CONSTRAINT; Schema: public; Owner: -
--

ALTER TABLE ONLY public.movies_genres
    ADD CONSTRAINT movies_genres_genre_id_fkey FOREIGN KEY (genre_id) REFERENCES public.genres(id) ON UPDATE CASCADE ON DELETE CASCADE;


--
-- Name: movies_genres movies_genres_movie_id_fkey; Type: FK CONSTRAINT; Schema: public; Owner: -
--

ALTER TABLE ONLY public.movies_genres
    ADD CONSTRAINT movies_genres_movie_id_fkey FOREIGN KEY (movie_id) REFERENCES public.movies(id) ON UPDATE CASCADE ON DELETE CASCADE;


--
-- Name: SCHEMA public; Type: ACL; Schema: -; Owner: -
--

REVOKE USAGE ON SCHEMA public FROM PUBLIC;
GRANT ALL ON SCHEMA public TO PUBLIC;


--
-- PostgreSQL database dump complete
--

